string;string;int;string;double
1Mes;2Fecha;3Puesto;4Concepto;5Pago
FEBRERO;7/03/2014;16;ADMINISTRACION;15
MARZO;6/04/2014;16;ADMINISTRACION;15
JUNIO;22/06/2014;16;FUMIGACION;7
JUNIO;3/07/2014;16;ADMINISTRACION;15
ABRIL;3/07/2014;16;ADMINISTRACION;15
MAYO;3/07/2014;16;ADMINISTRACION;15
JULIO;3/07/2014;16;TRIBUTOS 2014;62
JULIO;13/08/2014;16;ADMINISTRACION;15
AGOSTO;12/09/2014;16;ADMINISTRACION;15
SETIEMBRE;15/10/2014;16;ADMINISTRACION;15
DICIEMBRE;31/12/2014;16;FUMIGACION;7
ENERO;31/01/2014;17;LUZ;63.9
FEBRERO;7/03/2014;17;LUZ;8.4
MARZO;7/04/2014;17;LUZ;6.5
ABRIL;5/05/2014;17;LUZ;7
JUNIO;22/06/2014;17;FUMIGACION;7
MAYO;7/06/2014;17;LUZ;10
JUNIO;3/07/2014;17;LUZ;9
JULIO;6/08/2014;17;LUZ;19.5
MARZO;17/12/2014;17;ADMINISTRACION;15
ABRIL;30/12/2014;17;ADMINISTRACION;15
ENERO;31/01/2014;18;LUZ;3.9
FEBRERO;7/03/2014;18;LUZ;57
MARZO;7/04/2014;18;LUZ;54.5
ABRIL;5/05/2014;18;LUZ;55
JUNIO;22/06/2014;18;FUMIGACION;7
MAYO;7/06/2014;18;LUZ;31
JUNIO;3/07/2014;18;LUZ;29.5
DICIEMBRE;31/12/2014;18;FUMIGACION;7
FEBRERO;7/03/2014;19;LUZ;3
MARZO;7/04/2014;19;LUZ;3.5
ABRIL;5/05/2014;19;LUZ;4.5
JUNIO;22/06/2014;19;FUMIGACION;7
MAYO;7/06/2014;19;LUZ;8
JUNIO;21/06/2014;19;REEMPADRONAMIETNO;450
JUNIO;3/07/2014;19;LUZ;8
DICIEMBRE;31/12/2014;19;FUMIGACION;7
ENERO;31/01/2014;20;AGUA;60.5
ENERO;31/01/2014;20;LUZ;9.6
FEBRERO;7/03/2014;20;AGUA;45.6
FEBRERO;6/03/2014;20;ALQUILER DE ESPACIOS;56
FEBRERO;7/03/2014;20;LUZ;5.3
MARZO;7/04/2014;20;AGUA;47
MARZO;7/04/2014;20;LUZ;6.5
ABRIL;5/05/2014;20;AGUA;47
ABRIL;5/05/2014;20;LUZ;6.5
MAYO;7/06/2014;20;AGUA;57
MAYO;13/06/2014;20;ALQUILER DE ESPACIOS;62
MARZO;13/06/2014;20;ALQUILER DE ESPACIOS;62
ABRIL;13/06/2014;20;ALQUILER DE ESPACIOS;60
JUNIO;22/06/2014;20;FUMIGACION;7
MAYO;7/06/2014;20;LUZ;9
JUNIO;3/07/2014;20;AGUA;58.5
JUNIO;3/07/2014;20;ALQUILER DE ESPACIOS;60
JUNIO;30/07/2014;20;A CUENTA DE DEUDA;350
JULIO;30/07/2014;20;ALQUILER PENDIENTE;350
JUNIO;3/07/2014;20;LUZ;6.5
JULIO;11/08/2014;20;ALQUILER DE ESPACIOS;62
AGOSTO;8/09/2014;20;ALQUILER DE ESPACIO;400
ENERO;22/09/2014;20;ALQUILER DE ESPACIO;62
SETIEMBRE;16/09/2014;20;ALQUILER DE ESPACIOS Y DEUDA PENDIENTE;100
SETIEMBRE;20/10/2014;20;ALQUILER DE ESPACIOS;460
OCTUBRE;20/11/2014;20;ALQUILER DE ESPACIOS -DEUDA PENDIENTE;600
DICIEMBRE;11/11/2014;20;ALQUILER DE ESPACIOS;62
NOVIEMBRE;15/12/2014;20;ALQUILER DE ESPACIOS;60
OCTUBRE;19/12/2014;20;ALQUILER DE ESPACIOS;400
DICIEMBRE;31/12/2014;20;FUMIGACION;7
FEBRERO;7/03/2014;21;LUZ;3
ABRIL;28/04/2014;21;TRIBUTOS 2014;62
MARZO;7/04/2014;21;LUZ;3
ABRIL;5/05/2014;21;LUZ;3.6
JUNIO;22/06/2014;21;FUMIGACION;7
ENERO;4/06/2014;21;LUZ;2.9
MAYO;7/06/2014;21;LUZ;7
FEBRERO;12/07/2014;21;ADMINISTRACION;15
MARZO;12/07/2014;21;ADMINISTRACION;15
ABRIL;19/07/2014;21;ADMINISTRACION;15
MAYO;19/07/2014;21;ADMINISTRACION;15
JUNIO;3/07/2014;21;LUZ;7
DICIEMBRE;31/12/2014;21;FUMIGACION;7
ENERO;31/01/2014;22;AGUA;51.8
ENERO;31/01/2014;22;LUZ;56.8
FEBRERO;6/03/2014;22;AGUA;38.9
FEBRERO;7/03/2014;22;LUZ;49.2
MARZO;7/04/2014;22;AGUA;44
MARZO;7/04/2014;22;LUZ;45.5
ABRIL;5/05/2014;22;AGUA;40
ABRIL;5/05/2014;22;LUZ;49
MAYO;7/06/2014;22;AGUA;33
JUNIO;22/06/2014;22;FUMIGACION;7
MAYO;7/06/2014;22;LUZ;56
JUNIO;3/07/2014;22;AGUA;33
JULIO;23/07/2014;22;ALQUILER DE ESPACIOS VENCIDOS;700
JUNIO;3/07/2014;22;LUZ;47.5
AGOSTO;15/08/2014;22;ALQUILER PENDIENTE;1000
DICIEMBRE;31/12/2014;22;FUMIGACION;7
JUNIO;22/06/2014;23;FUMIGACION;7
JULIO;23/07/2014;23;ALQUILER DE ESPACIOS VENCIDOS;700
DICIEMBRE;31/12/2014;23;FUMIGACION;7
ENERO;31/01/2014;24;AGUA;33.9
ENERO;31/01/2014;24;LUZ;6.4
FEBRERO;6/03/2014;24;AGUA;29.9
FEBRERO;7/03/2014;24;LUZ;5
MARZO;7/04/2014;24;AGUA;32
MARZO;7/04/2014;24;LUZ;4.5
ABRIL;5/05/2014;24;AGUA;30
ABRIL;5/05/2014;24;LUZ;4.5
MAYO;7/06/2014;24;AGUA;26.5
JUNIO;22/06/2014;24;FUMIGACION;7
MAYO;7/06/2014;24;LUZ;8
JUNIO;3/07/2014;24;AGUA;29
JULIO;25/07/2014;24;ALQUILER PENDIENTE;300
JUNIO;3/07/2014;24;LUZ;7.5
AGOSTO;11/08/2014;24;ALQUILER PENDIENTE;100
AGOSTO;28/09/2014;24;A CUENTA DE AGOSTO;200
DICIEMBRE;31/12/2014;24;FUMIGACION;7
ENERO;31/01/2014;25;ADMINISTRACION;15
ENERO;31/01/2014;25;LUZ;162.8
FEBRERO;24/03/2014;25;ADMINISTRACION;15
FEBRERO;7/03/2014;25;LUZ;145.9
MARZO;12/04/2014;25;ADMINISTRACION;15
ABRIL;28/04/2014;25;TRIBUTOS 2014;62
MARZO;7/04/2014;25;LUZ;131
ABRIL;5/05/2014;25;LUZ;110.5
JUNIO;22/06/2014;25;FUMIGACION;7
MAYO;7/06/2014;25;LUZ;66.5
ABRIL;3/07/2014;25;ADMINISTRACION;15
MAYO;3/07/2014;25;ADMINISTRACION;15
JUNIO;3/07/2014;25;LUZ;61.5
JULIO;25/08/2014;25;ADMINISTRACION;15
JUNIO;25/08/2014;25;ADMINISTRACION;15
DICIEMBRE;31/12/2014;25;FUMIGACION;7
ENERO;31/01/2014;26;ADMINISTRACION;15
FEBRERO;24/03/2014;26;ADMINISTRACION;15
MARZO;12/04/2014;26;ADMINISTRACION;15
ABRIL;28/04/2014;26;TRIBUTOS 2014;62
JUNIO;22/06/2014;26;FUMIGACION;7
ABRIL;3/07/2014;26;ADMINISTRACION;15
MAYO;3/07/2014;26;ADMINISTRACION;15
JUNIO;25/08/2014;26;ADMINISTRACION;15
JULIO;25/08/2014;26;ADMINISTRACION;15
DICIEMBRE;31/12/2014;26;FUMIGACION;7
FEBRERO;7/03/2014;27;LUZ;71.6
MARZO;7/04/2014;27;LUZ;64
ABRIL;5/05/2014;27;LUZ;69.5
JUNIO;22/06/2014;27;FUMIGACION;7
MAYO;7/06/2014;27;LUZ;71.5
JUNIO;3/07/2014;27;LUZ;60.5
AGOSTO;25/08/2014;27;ALQUILER DE ESPACIO;130
JULIO;2/08/2014;27;ALQUILER DE ESPACIO;360
SETIEMBRE;25/09/2014;27;ALQUILER DE ESPACIOS;130
DICIEMBRE;31/12/2014;27;FUMIGACION;7
ENERO;31/01/2014;28;ADMINISTRACION;15
JULIO;31/01/2014;28;LUZ;8.2
DICIEMBRE;31/01/2014;28;ADMINISTRACION;15
FEBRERO;8/03/2014;28;ADMINISTRACION;15
FEBRERO;8/03/2014;28;AGUA;45.5
ENERO;8/03/2014;28;AGUA;54.6
FEBRERO;7/03/2014;28;LUZ;28.3
ENERO;8/03/2014;28;LUZ ;33.1
MARZO;12/04/2014;28;ADMINISTRACION;15
ABRIL;28/04/2014;28;TRIBUTOS 2014;62
MARZO;7/04/2014;28;AGUA;40.5
MARZO;7/04/2014;28;LUZ;26.5
ABRIL;6/05/2014;28;ADMINISTRACION;15
ABRIL;5/05/2014;28;AGUA;41
ABRIL;5/05/2014;28;LUZ;25
MAYO;7/06/2014;28;ADMINISTRACION;15
MAYO;7/06/2014;28;AGUA;52
JUNIO;22/06/2014;28;FUMIGACION;7
MAYO;7/06/2014;28;LUZ;31
JUNIO;3/07/2014;28;ADMINISTRACION;15
JUNIO;3/07/2014;28;AGUA;51
JUNIO;3/07/2014;28;LUZ;25.5
JULIO;11/08/2014;28;ADMINISTRACION;15
AGOSTO;12/09/2014;28;ADMINISTRACION;15
SETIEMBRE;18/10/2014;28;ADMINISTRACION;15
OCTUBRE;11/11/2014;28;ADMINISTRACION;15
NOVIEMBRE;16/12/2014;28;ADMINISTRACION;15
DICIEMBRE;31/12/2014;28;FUMIGACION;7
ENERO;31/01/2014;29;AGUA;54.8
ENERO;31/01/2014;29;LUZ;54.8
FEBRERO;24/03/2014;29;ADMINISTRACION;15
FEBRERO;7/03/2014;29;LUZ;6
MARZO;12/04/2014;29;ADMINISTRACION;15
ABRIL;28/04/2014;29;TRIBUTOS 2014;62
MARZO;7/04/2014;29;LUZ;7
ABRIL;5/05/2014;29;LUZ;7
JUNIO;22/06/2014;29;FUMIGACION;7
MAYO;7/06/2014;29;LUZ;9
ABRIL;3/07/2014;29;ADMINISTRACION;15
MAYO;3/07/2014;29;ADMINISTRACION;15
JUNIO;3/07/2014;29;LUZ;5.5
JULIO;25/08/2014;29;ADMINISTRACION;15
JUNIO;25/08/2014;29;ADMINISTRACION;15
DICIEMBRE;31/12/2014;29;FUMIGACION;7
FEBRERO;7/03/2014;30;AGUA;27.2
FEBRERO;7/03/2014;30;LUZ;49.9
MARZO;7/04/2014;30;AGUA;27
MARZO;7/04/2014;30;LUZ;48
ABRIL;5/05/2014;30;AGUA;27
MAYO;7/05/2014;30;TRIBUTOS 2014;62
ABRIL;5/05/2014;30;LUZ;48.5
MAYO;7/06/2014;30;AGUA;33.5
JUNIO;22/06/2014;30;FUMIGACION;7
MAYO;7/06/2014;30;LUZ;62.5
JUNIO;3/07/2014;30;AGUA;33
JUNIO;3/07/2014;30;LUZ;52
DICIEMBRE;31/12/2014;30;FUMIGACION;7
ENERO;31/01/2014;31;LUZ;5.7
FEBRERO;6/03/2014;31;ADMINISTRACION;15
MARZO;12/04/2014;31;ADMINISTRACION;15
ABRIL;28/04/2014;31;TRIBUTOS 2014;62
JUNIO;22/06/2014;31;FUMIGACION;7
JUNIO;26/07/2014;31;ADMINISTRACION;15
ABRIL;26/07/2014;31;ADMINISTRACION;15
MAYO;26/07/2014;31;ADMINISTRACION;15
DICIEMBRE;31/12/2014;31;FUMIGACION;7
DICIEMBRE;25/03/2014;32;ADMINISTRACION;15
FEBRERO;7/03/2014;32;LUZ;5.3
MARZO;29/04/2014;32;ADMINISTRACION;15
MARZO;7/04/2014;32;LUZ;3
ABRIL;5/05/2014;32;LUZ;8
JUNIO;22/06/2014;32;FUMIGACION;7
MAYO;7/06/2014;32;LUZ;5
JUNIO;3/07/2014;32;LUZ;3
MAYO;2/08/2014;32;ADMINISTRACION;15
JUNIO;2/08/2014;32;ADMINISTRACION;15
ENERO;31/01/2014;33;ADMINISTRACION;15
JUNIO;22/06/2014;33;FUMIGACION;7
DICIEMBRE;31/12/2014;33;FUMIGACION;7
FEBRERO;7/03/2014;35;LUZ;15
MARZO;7/04/2014;35;LUZ;15
ABRIL;5/05/2014;35;LUZ;12
JUNIO;22/06/2014;35;FUMIGACION;7
MAYO;7/06/2014;35;LUZ;12
JUNIO;3/07/2014;35;LUZ;12
OCTUBRE;17/10/2014;35;ALQUILER DE ESPACIOS;50
OCTUBRE;9/10/2014;35;A CUENTA DE ALQUILER;100
NOVIEMBRE;19/12/2014;35;ALQUILER DE ESPACIOS;150
DICIEMBRE;31/12/2014;35;FUMIGACION;7
AGOSTO;31/01/2014;36;LUZ;14.7
NOVIEMBRE;27/03/2014;36;ADMINISTRACION;15
FEBRERO;7/03/2014;36;LUZ;5.3
ABRIL;28/04/2014;36;TRIBUTOS 2014;62
MARZO;7/04/2014;36;LUZ;5.5
ABRIL;5/05/2014;36;LUZ;5.5
JUNIO;22/06/2014;36;FUMIGACION;7
MAYO;7/06/2014;36;LUZ;7.5
JUNIO;3/07/2014;36;LUZ;8.5
SETIEMBRE;6/08/2014;36;LUZ;5.5
JULIO;15/08/2014;36;LUZ;8
ENERO;30/09/2014;36;LUZ;14.7
JUNIO;22/06/2014;37;FUMIGACION;7
JUNIO;22/06/2014;38;FUMIGACION;7
ABRIL;23/04/2014;39;TRIBUTOS 2014;62
DICIEMBRE;31/12/2014;39;FUMIGACION;7
FEBRERO;7/03/2014;40;LUZ;3
MARZO;7/04/2014;40;LUZ;7
ABRIL;5/05/2014;40;LUZ;4.5
JUNIO;22/06/2014;40;FUMIGACION;7
MAYO;7/06/2014;40;LUZ;8.5
ENERO;26/07/2014;40;LUZ;2.5
JUNIO;3/07/2014;40;LUZ;6
DICIEMBRE;31/12/2014;40;FUMIGACION;7
FEBRERO;7/03/2014;41;LUZ;6.9
MARZO;7/04/2014;41;LUZ;5.5
ABRIL;5/05/2014;41;LUZ;5
JUNIO;22/06/2014;41;FUMIGACION;7
MAYO;7/06/2014;41;LUZ;7
JUNIO;3/07/2014;41;LUZ;5
ENERO;6/08/2014;41;LUZ;4
DICIEMBRE;31/12/2014;41;FUMIGACION;7
FEBRERO;8/03/2014;42;LUZ;6.2
MARZO;7/04/2014;42;LUZ;8
ABRIL;5/05/2014;42;LUZ;7
JUNIO;22/06/2014;42;FUMIGACION;7
MAYO;7/06/2014;42;LUZ;7
DICIEMBRE;4/06/2014;42;LUZ;8.3
ENERO;4/06/2014;42;LUZ;7.7
ENERO;21/07/2014;42;ADMINISTRACION;15
FEBRERO;21/07/2014;42;ADMINISTRACION;15
MARZO;21/07/2014;42;ADMINISTRACION;15
ABRIL;21/07/2014;42;ADMINISTRACION;15
MAYO;21/07/2014;42;ADMINISTRACION;15
JUNIO;3/07/2014;42;LUZ;7.5
JUNIO;12/11/2014;42;ADMINISTRACION;15
JULIO;12/11/2014;42;ADMINISTRACION;15
AGOSTO;12/11/2014;42;ADMINISTRACION;15
SETIEMBRE;12/11/2014;42;ADMINISTRACION;15
NOVIEMBRE;12/11/2014;42;TRIBUTOS 2014;68
DICIEMBRE;31/12/2014;42;FUMIGACION;7
ENERO;31/01/2014;43;ADMINISTRACION;15
JUNIO;8/03/2014;43;ADMINISTRACION;15
FEBRERO;8/03/2014;43;AGUA;171.9
FEBRERO;8/03/2014;43;LUZ;53.4
MARZO;5/05/2014;43;ADMINISTRACION;15
MARZO;7/04/2014;43;AGUA;178
MARZO;7/04/2014;43;LUZ;49.5
ABRIL;5/05/2014;43;AGUA;185
MAYO;5/05/2014;43;TRIBUTOS 2014;310
ABRIL;5/05/2014;43;LUZ;50
ABRIL;7/06/2014;43;ADMINISTRACION;15
MAYO;7/06/2014;43;AGUA;208
JUNIO;22/06/2014;43;FUMIGACION;7
MAYO;7/06/2014;43;LUZ;59
MAYO;3/07/2014;43;ADMINISTRACION;15
JUNIO;3/07/2014;43;AGUA;212
ENERO;3/07/2014;43;AGUA -LUZ;277.3
ENERO;3/07/2014;43;AGUA/LUZ;277.3
JUNIO;3/07/2014;43;LUZ;51
JULIO;6/08/2014;43;ADMINISTRACION;15
AGOSTO;12/09/2014;43;ADMINISTRACION;15
SETIEMBRE;15/10/2014;43;ADMINISTRACION;15
OCTUBRE;26/11/2014;43;ADMINISTRACION;15
NOVIEMBRE;22/12/2014;43;ADMINISTRACION;15
DICIEMBRE;31/12/2014;43;FUMIGACION;7
ENERO;31/01/2014;44;ADMINISTRACION;15
MARZO;5/05/2014;44;ADMINISTRACION;15
MAYO;7/06/2014;44;ADMINISTRACION;15
JUNIO;22/06/2014;44;FUMIGACION;7
JUNIO;3/07/2014;44;ADMINISTRACION;15
JULIO;6/08/2014;44;ADMINISTRACION;15
AGOSTO;12/09/2014;44;ADMINISTRACION;15
SETIEMBRE;15/10/2014;44;ADMINISTRACION;15
OCTUBRE;26/11/2014;44;ADMINISTRACION;15
NOVIEMBRE;22/12/2014;44;ADMINISTRACION;15
DICIEMBRE;31/12/2014;44;FUMIGACION;7
ENERO;31/01/2014;45;ADMINISTRACION;15
FEBRERO;6/03/2014;45;AGUA;5.4
FEBRERO;7/03/2014;45;LUZ;4
ABRIL;12/04/2014;45;TRIBUTOS 2014;62
MARZO;7/04/2014;45;AGUA;13.5
MARZO;7/04/2014;45;LUZ;5.5
ABRIL;5/05/2014;45;AGUA;8
ABRIL;5/05/2014;45;LUZ;5
FEBRERO;7/06/2014;45;ADMINISTRACION;15
MAYO;7/06/2014;45;AGUA;4
JUNIO;22/06/2014;45;FUMIGACION;7
MAYO;7/06/2014;45;LUZ;10
MARZO;5/07/2014;45;ADMINISTRACION;15
ABRIL;5/07/2014;45;ADMINISTRACION;15
MAYO;5/07/2014;45;ADMINISTRACION;15
JUNIO;3/07/2014;45;AGUA;5
ENERO;3/07/2014;45;AGUA;6.2
JUNIO;3/07/2014;45;LUZ;9
ENERO;3/07/2014;45;LUZ;4.5
AGOSTO;10/09/2014;45;ADMINISTRACION;15
SETIEMBRE;11/10/2014;45;ADMINISTRACION;15
OCTUBRE;27/11/2014;45;ADMINISTRACION;15
DICIEMBRE;31/12/2014;45;FUMIGACION;7
FEBRERO;7/03/2014;46;ADMINISTRACION;15
FEBRERO;6/03/2014;46;AGUA;19.5
FEBRERO;7/03/2014;46;LUZ;34.1
MARZO;7/04/2014;46;AGUA;19
MARZO;7/04/2014;46;LUZ;32.5
ABRIL;5/05/2014;46;AGUA;18
ABRIL;5/05/2014;46;LUZ;31.5
MAYO;7/06/2014;46;AGUA;20
JUNIO;22/06/2014;46;FUMIGACION;7
MAYO;7/06/2014;46;LUZ;34.5
JUNIO;3/07/2014;46;AGUA;17
JUNIO;3/07/2014;46;LUZ;29
AGOSTO;10/09/2014;46;ADMINISTRACION;15
SETIEMBRE;14/10/2014;46;ADMINISTRACION;15
DICIEMBRE;31/12/2014;46;FUMIGACION;7
JUNIO;31/01/2014;47;ADMINISTRACION;15
ENERO;31/01/2014;47;AGUA;25.4
ENERO;31/01/2014;47;LUZ;39.1
ENERO;31/01/2014;47;ADMINISTRACION;15
MARZO;5/05/2014;47;ADMINISTRACION;15
ABRIL;7/06/2014;47;ADMINISTRACION;15
JUNIO;22/06/2014;47;FUMIGACION;7
MAYO;3/07/2014;47;ADMINISTRACION;15
AGOSTO;12/09/2014;47;ADMINISTRACION;15
SETIEMBRE;15/10/2014;47;ADMINISTRACION;15
OCTUBRE;26/11/2014;47;ADMINISTRACION;15
NOVIEMBRE;22/12/2014;47;ADMINISTRACION;15
DICIEMBRE;31/12/2014;47;FUMIGACION;7
ABRIL;8/03/2014;48;ADMINISTRACION;15
FEBRERO;6/03/2014;48;AGUA;52.8
FEBRERO;7/03/2014;48;LUZ;9
MARZO;14/04/2014;48;ADMINISTRACION;15
MARZO;7/04/2014;48;AGUA;56
MARZO;7/04/2014;48;LUZ;5
ABRIL;5/05/2014;48;AGUA;57
ABRIL;5/05/2014;48;LUZ;6.5
MAYO;7/06/2014;48;ADMINISTRACION;15
MAYO;7/06/2014;48;AGUA;66
JUNIO;22/06/2014;48;FUMIGACION;7
MAYO;7/06/2014;48;LUZ;10.5
JUNIO;3/07/2014;48;ADMINISTRACION;15
JUNIO;3/07/2014;48;AGUA;66.5
JUNIO;3/07/2014;48;LUZ;8.5
JULIO;9/08/2014;48;ADMINISTRACION;15
AGOSTO;10/09/2014;48;ADMINISTRACION;15
SETIEMBRE;11/10/2014;48;ADMINISTRACION;15
OCTUBRE;17/11/2014;48;ADMINISTRACION;15
NOVIEMBRE;11/12/2014;48;ADMINISTRACION;15
DICIEMBRE;31/12/2014;48;FUMIGACION;7
ENERO;31/01/2014;49;ADMINISTRACION;15
ENERO;31/01/2014;49;AGUA;65.3
ENERO;31/01/2014;49;LUZ;6.9
FEBRERO;8/03/2014;49;ADMINISTRACION;15
MARZO;14/04/2014;49;ADMINISTRACION;15
MAYO;7/06/2014;49;ADMINISTRACION;15
JUNIO;22/06/2014;49;FUMIGACION;7
JUNIO;3/07/2014;49;ADMINISTRACION;15
JULIO;9/08/2014;49;ADMINISTRACION;15
AGOSTO;10/09/2014;49;ADMINISTRACION;15
SETIEMBRE;11/10/2014;49;ADMINISTRACION;15
OCTUBRE;17/11/2014;49;ADMINISTRACION;15
NOVIEMBRE;11/12/2014;49;ADMINISTRACION;15
DICIEMBRE;31/12/2014;49;FUMIGACION;7
ENERO;31/01/2014;50;ADMINISTRACION;15
FEBRERO;27/03/2014;50;ADMINISTRACION;15
ENERO;7/03/2014;50;LUZ;9
FEBRERO;7/03/2014;50;LUZ ;11.2
ABRIL;28/04/2014;50;TRIBUTOS 2014;62
MARZO;7/04/2014;50;LUZ;11.5
ABRIL;5/05/2014;50;LUZ;13.5
MAYO;7/06/2014;50;ADMINISTRACION;15
JUNIO;22/06/2014;50;FUMIGACION;7
MAYO;7/06/2014;50;LUZ;19
JUNIO;3/07/2014;50;ADMINISTRACION;15
DICIEMBRE;19/07/2014;50;ADMINISTRACION;15
MARZO;19/07/2014;50;ADMINISTRACION;15
ABRIL;19/07/2014;50;ADMINISTRACION;15
JULIO;19/07/2014;50;ARBITRIOS Y AUTORIDADES 2012-2013;140
JUNIO;3/07/2014;50;LUZ;18
JULIO;11/08/2014;50;ADMINISTRACION;15
AGOSTO;11/08/2014;50;ASISTENCIA SOCIAL 2012-2013;42.9
AGOSTO;11/08/2014;50;LICENCIA Y MULTA;20
AGOSTO;15/09/2014;50;ADMINISTRACION;15
SETIEMBRE;22/10/2014;50;ADMINISTRACION;15
DICIEMBRE;31/12/2014;50;FUMIGACION;7
ABRIL;26/04/2014;51;ADMINISTRACION;15
MARZO;26/04/2014;51;ADMINISTRACION;15
ABRIL;26/04/2014;51;ADMINISTRACION;15
MAYO;26/04/2014;51;ADMINISTRACION;15
JUNIO;26/04/2014;51;ADMINISTRACION;15
JULIO;26/04/2014;51;ADMINISTRACION;15
AGOSTO;26/04/2014;51;ADMINISTRACION;15
SETIEMBRE;26/04/2014;51;ADMINISTRACION;15
OCTUBRE;26/04/2014;51;ADMINISTRACION;15
NOVIEMBRE;26/04/2014;51;ADMINISTRACION;15
ENERO;26/04/2014;51;ADMINISTRACION;15
FEBRERO;26/04/2014;51;ADMINISTRACION;15
ABRIL;26/04/2014;51;TRIBUTOS 2014;62
JUNIO;22/06/2014;51;FUMIGACION;7
JUNIO;3/07/2014;51;AGUA;84.5
OCTUBRE;28/11/2014;51;ADMINISTRACION;15
JUNIO;28/11/2014;51;ADMINISTRACION;15
JULIO;28/11/2014;51;ADMINISTRACION;15
AGOSTO;28/11/2014;51;ADMINISTRACION;15
SETIEMBRE;28/11/2014;51;ADMINISTRACION;15
NOVIEMBRE;28/11/2014;51;ADMINISTRACION;15
DICIEMBRE;31/12/2014;51;FUMIGACION;7
ENERO;31/01/2014;52;AGUA;110.3
FEBRERO;7/03/2014;52;AGUA;52.8
FEBRERO;15/03/2014;52;AGUA;42
MARZO;26/04/2014;52;ADMINISTRACION;15
ABRIL;26/04/2014;52;ADMINISTRACION;15
MAYO;26/04/2014;52;ADMINISTRACION;15
JUNIO;26/04/2014;52;ADMINISTRACION;15
JULIO;26/04/2014;52;ADMINISTRACION;15
AGOSTO;26/04/2014;52;ADMINISTRACION;15
SETIEMBRE;26/04/2014;52;ADMINISTRACION;15
OCTUBRE;26/04/2014;52;ADMINISTRACION;15
NOVIEMBRE;26/04/2014;52;ADMINISTRACION;15
DICIEMBRE;26/04/2014;52;ADMINISTRACION;15
ENERO;26/04/2014;52;ADMINISTRACION;15
MARZO;7/04/2014;52;AGUA;94
MARZO;7/04/2014;52;LUZ;38
ABRIL;5/05/2014;52;AGUA;86
MAYO;7/06/2014;52;AGUA;84
JUNIO;22/06/2014;52;FUMIGACION;7
MAYO;7/06/2014;52;LUZ;42
OCTUBRE;28/11/2014;52;ADMINISTRACION;15
JUNIO;28/11/2014;52;ADMINISTRACION;15
JULIO;28/11/2014;52;ADMINISTRACION;15
AGOSTO;28/11/2014;52;ADMINISTRACION;15
SETIEMBRE;28/11/2014;52;ADMINISTRACION;15
NOVIEMBRE;28/11/2014;52;ADMINISTRACION;15
DICIEMBRE;31/12/2014;52;FUMIGACION;7
FEBRERO;7/03/2014;53;AGUA;40
FEBRERO;7/03/2014;53;LUZ;42
MARZO;7/04/2014;53;AGUA;38
ABRIL;5/05/2014;53;AGUA;32
MAYO;30/05/2014;53;TRIBUTOS 2014;62
ABRIL;5/05/2014;53;LUZ;38
MAYO;7/06/2014;53;AGUA;38
JUNIO;22/06/2014;53;FUMIGACION;7
JUNIO;3/07/2014;53;AGUA;43.5
JUNIO;3/07/2014;53;LUZ;46.5
OCTUBRE;28/11/2014;53;ADMINISTRACION;15
MAYO;28/11/2014;53;ADMINISTRACION;15
JUNIO;28/11/2014;53;ADMINISTRACION;15
JULIO;28/11/2014;53;ADMINISTRACION;15
AGOSTO;28/11/2014;53;ADMINISTRACION;15
SETIEMBRE;28/11/2014;53;ADMINISTRACION;15
NOVIEMBRE;28/11/2014;53;ADMINISTRACION;15
DICIEMBRE;31/12/2014;53;FUMIGACION;7
ENERO;31/01/2014;54;AGUA;56.4
ENERO;31/01/2014;54;LUZ;59.5
FEBRERO;7/03/2014;54;ADMINISTRACION;15
FEBRERO;7/03/2014;54;AGUA;82.1
FEBRERO;7/03/2014;54;LUZ;9
ABRIL;15/04/2014;54;TRIBUTOS 2014;62
MARZO;7/04/2014;54;AGUA;90
MARZO;7/04/2014;54;LUZ;7
ABRIL;5/05/2014;54;AGUA;92
ABRIL;5/05/2014;54;LUZ;8
MAYO;7/06/2014;54;AGUA;98
JUNIO;22/06/2014;54;FUMIGACION;7
MAYO;7/06/2014;54;LUZ;10
MARZO;3/07/2014;54;ADMINISTRACION;15
ABRIL;3/07/2014;54;ADMINISTRACION;15
MAYO;3/07/2014;54;ADMINISTRACION;15
JUNIO;3/07/2014;54;AGUA;96.5
JUNIO;3/07/2014;54;LUZ;9
DICIEMBRE;31/12/2014;54;FUMIGACION;7
ENERO;31/01/2014;55;ADMINISTRACION;15
ENERO;31/01/2014;55;AGUA;107.9
ENERO;31/01/2014;55;CUOTA ALQUILER;62
ENERO;31/01/2014;55;LUZ;9
DICIEMBRE;31/01/2014;55;ADMINISTRACION;15
ABRIL;7/06/2014;55;ADMINISTRACION;15
JUNIO;22/06/2014;55;FUMIGACION;7
MAYO;3/07/2014;55;ADMINISTRACION;15
JUNIO;3/07/2014;55;ADMINISTRACION;15
JULIO;6/08/2014;55;ADMINISTRACION;15
AGOSTO;12/09/2014;55;ADMINISTRACION;15
SETIEMBRE;15/10/2014;55;ADMINISTRACION;15
OCTUBRE;26/11/2014;55;ADMINISTRACION;15
NOVIEMBRE;22/12/2014;55;ADMINISTRACION;15
DICIEMBRE;31/12/2014;55;FUMIGACION;7
ENERO;31/01/2014;56;ADMINISTRACION;15
ABRIL;7/06/2014;56;ADMINISTRACION;15
JUNIO;22/06/2014;56;FUMIGACION;7
MAYO;3/07/2014;56;ADMINISTRACION;15
JULIO;6/08/2014;56;ADMINISTRACION;15
AGOSTO;12/09/2014;56;ADMINISTRACION;15
SETIEMBRE;15/10/2014;56;ADMINISTRACION;15
OCTUBRE;26/11/2014;56;ADMINISTRACION;15
NOVIEMBRE;22/12/2014;56;ADMINISTRACION;15
DICIEMBRE;31/12/2014;56;FUMIGACION;7
FEBRERO;8/03/2014;57;ADMINISTRACION;15
FEBRERO;7/03/2014;57;AGUA;6
FEBRERO;7/03/2014;57;LUZ;40.9
MARZO;7/04/2014;57;ADMINISTRACION;15
ABRIL;26/04/2014;57;TRIBUTOS 2014;62
MARZO;7/04/2014;57;AGUA;7.5
MARZO;7/04/2014;57;LUZ;29
ABRIL;5/05/2014;57;ADMINISTRACION;15
ABRIL;5/05/2014;57;AGUA;7
ABRIL;5/05/2014;57;LUZ;26.5
MAYO;7/06/2014;57;ADMINISTRACION;15
MAYO;7/06/2014;57;AGUA;7
JUNIO;22/06/2014;57;FUMIGACION;7
MAYO;7/06/2014;57;LUZ;31
JUNIO;3/07/2014;57;ADMINISTRACION;15
JUNIO;3/07/2014;57;AGUA;7.5
JUNIO;3/07/2014;57;LUZ;24.5
JULIO;11/08/2014;57;ADMINISTRACION;15
AGOSTO;13/09/2014;57;ADMINISTRACION;15
SETIEMBRE;13/10/2014;57;ADMINISTRACION;15
OCTUBRE;11/11/2014;57;ADMINISTRACION;15
NOVIEMBRE;15/12/2014;57;ADMINISTRACION;15
DICIEMBRE;31/12/2014;57;FUMIGACION;7
ENERO;31/01/2014;58;ADMINISTRACION;15
ENERO;31/01/2014;58;AGUA;8.8
ENERO;31/01/2014;58;LUZ;38
FEBRERO;8/03/2014;58;LUZ;6.5
MARZO;7/04/2014;58;LUZ;7.5
ABRIL;5/05/2014;58;LUZ;8
JUNIO;22/06/2014;58;FUMIGACION;7
MAYO;7/06/2014;58;LUZ;8
JUNIO;3/07/2014;58;LUZ;9.5
AGOSTO;8/08/2014;58;DEUDA DE ALQUILER;260
DICIEMBRE;31/12/2014;58;FUMIGACION;7
ENERO;31/01/2014;59;LUZ;8
FEBRERO;7/03/2014;59;LUZ;6.5
MARZO;7/04/2014;59;LUZ;11
ABRIL;5/05/2014;59;LUZ;8.5
JUNIO;22/06/2014;59;FUMIGACION;7
MAYO;7/06/2014;59;LUZ;13.5
ENERO;26/07/2014;59;LUZ;5.2
JUNIO;3/07/2014;59;LUZ;7.5
DICIEMBRE;31/12/2014;59;FUMIGACION;7
ENERO;31/01/2014;60;ADMINISTRACION;15
FEBRERO;7/03/2014;60;LUZ;7
ABRIL;28/04/2014;60;TRIBUTOS 2014;62
MARZO;7/04/2014;60;LUZ;8
ABRIL;5/05/2014;60;LUZ;10.5
JUNIO;22/06/2014;60;FUMIGACION;7
AGOSTO;22/06/2014;60;FUMIGACION;7
MAYO;7/06/2014;60;LUZ;15
FEBRERO;3/07/2014;60;ADMINISTRACION;15
MARZO;3/07/2014;60;ADMINISTRACION;15
ABRIL;3/07/2014;60;ADMINISTRACION;15
MAYO;3/07/2014;60;ADMINISTRACION;15
JUNIO;3/07/2014;60;LUZ;14.5
AGOSTO;10/09/2014;60;ADMINISTRACION;15
SETIEMBRE;22/10/2014;60;ADMINISTRACION;15
DICIEMBRE;31/12/2014;60;FUMIGACION;7
FEBRERO;7/03/2014;61;LUZ;5.7
ABRIL;28/04/2014;61;TRIBUTOS 2014;61
MARZO;7/04/2014;61;LUZ;3
ABRIL;5/05/2014;61;LUZ;3
JUNIO;22/06/2014;61;FUMIGACION;7
MAYO;7/06/2014;61;LUZ;3
FEBRERO;30/07/2014;61;ADMINISTRACION;15
MARZO;30/07/2014;61;ADMINISTRACION;15
ABRIL;30/07/2014;61;ADMINISTRACION;15
MAYO;30/07/2014;61;ADMINISTRACION;15
JUNIO;30/07/2014;61;ADMINISTRACION;15
JUNIO;3/07/2014;61;LUZ;3
DIC2013/ENE2014;7/08/2014;61;LUZ;15
DICIEMBRE;31/12/2014;61;FUMIGACION;7
SETIEMBRE;27/03/2014;62;ADMINISTRACION;15
FEBRERO;6/03/2014;62;AGUA;8.6
FEBRERO;7/03/2014;62;LUZ;29.3
MARZO;7/04/2014;62;AGUA;9.5
MARZO;7/04/2014;62;LUZ;30
ABRIL;5/05/2014;62;AGUA;8
MAYO;27/05/2014;62;TRIBUTOS 2014;62
ABRIL;5/05/2014;62;LUZ;25
MAYO;7/06/2014;62;AGUA;8
MAYO;7/06/2014;62;LUZ;14.5
ENERO;31/01/2014;63;ADMINISTRACION;15
FEBRERO;7/03/2014;63;LUZ;10.2
ABRIL;28/04/2014;63;TRIBUTOS 2014;62
MARZO;7/04/2014;63;LUZ;8
ABRIL;5/05/2014;63;LUZ;10.5
JUNIO;22/06/2014;63;FUMIGACION;7
MAYO;7/06/2014;63;LUZ;15
ENERO;4/06/2014;63;LUZ;6.4
MARZO;3/07/2014;63;ADMINISTRACION;15
ABRIL;3/07/2014;63;ADMINISTRACION;15
MAYO;3/07/2014;63;ADMINISTRACION;15
JUNIO;3/07/2014;63;LUZ;13.5
JULIO;11/08/2014;63;ADMINISTRACION;15
AGOSTO;10/09/2014;63;ADMINISTRACION;15
SETIEMBRE;11/10/2014;63;ADMINISTRACION;15
DICIEMBRE;31/12/2014;63;FUMIGACION;7
ENERO;31/01/2014;64;ADMINISTRACION;15
DICIEMBRE;25/03/2014;64;ADMINISTRACION;15
FEBRERO;7/03/2014;64;LUZ;45.4
MARZO;7/04/2014;64;LUZ;35.5
ABRIL;5/05/2014;64;LUZ;25
JUNIO;22/06/2014;64;FUMIGACION;7
MAYO;7/06/2014;64;LUZ;24.5
ENERO;14/07/2014;64;LUZ;51.5
JUNIO;3/07/2014;64;LUZ;21
MAYO;2/08/2014;64;ADMINISTRACION;15
JUNIO;2/08/2014;64;ADMINISTRACION;15
MARZO;7/04/2014;65;AGUA;2
MARZO;7/04/2014;65;LUZ;6.5
ABRIL;5/05/2014;65;AGUA;3
ABRIL;5/05/2014;65;LUZ;54.5
MAYO;7/06/2014;65;AGUA;5
JUNIO;22/06/2014;65;FUMIGACION;7
MAYO;7/06/2014;65;LUZ;83.5
JUNIO;3/07/2014;65;AGUA;3
JUNIO;3/07/2014;65;LUZ;74.5
DICIEMBRE;31/12/2014;65;FUMIGACION;7
ENERO;31/01/2014;66;ADMINISTRACION;15
FEBRERO;7/03/2014;66;ADMINISTRACION;15
FEBRERO;6/03/2014;66;AGUA;53.8
FEBRERO;7/03/2014;66;LUZ;79.2
ABRIL;28/04/2014;66;TRIBUTOS 2014;62
MARZO;7/04/2014;66;AGUA;49.5
MARZO;7/04/2014;66;LUZ;69
ABRIL;5/05/2014;66;AGUA;46
ABRIL;5/05/2014;66;LUZ;63
MAYO;7/06/2014;66;AGUA;42
JUNIO;22/06/2014;66;FUMIGACION;7
MAYO;7/06/2014;66;LUZ;72
MARZO;19/07/2014;66;ADMINISTRACION;15
JUNIO;3/07/2014;66;AGUA;41.5
JUNIO;3/07/2014;66;LUZ;61.5
DICIEMBRE;31/12/2014;66;FUMIGACION;7
ENERO;31/01/2014;67;ADMINISTRACION;15
ENERO;31/01/2014;67;AGUA;81.9
ENERO;31/01/2014;67;LUZ;88.7
FEBRERO;7/03/2014;67;LUZ;17.6
MARZO;7/04/2014;67;LUZ;16
ABRIL;5/05/2014;67;LUZ;20
JUNIO;22/06/2014;67;FUMIGACION;7
AGOSTO;22/06/2014;67;FUMIGACION;7
MAYO;7/06/2014;67;LUZ;24
JULIO;3/07/2014;67;TRIBUTOS 2014;62
MAYO;3/07/2014;67;GUARDIANIA;720
JUNIO;3/07/2014;67;LUZ;20
JUNIO;1/08/2014;67;GUARDIANIA;720
AGOSTO;5/09/2014;67;ADMINISTRACION;15
FEBRERO;5/09/2014;67;ADMINISTRACION;15
MARZO;5/09/2014;67;ADMINISTRACION;15
ABRIL;5/09/2014;67;ADMINISTRACION;15
MAYO;5/09/2014;67;ADMINISTRACION;15
JUNIO;5/09/2014;67;ADMINISTRACION;15
JULIO;5/09/2014;67;ADMINISTRACION;15
AGOSTO;5/09/2014;67;GUARDIANIA;720
FEBRERO;6/03/2014;68;ADMINISTRACION;15
FEBRERO;6/03/2014;68;AGUA;98
FEBRERO;7/03/2014;68;LUZ;48.6
MARZO;12/04/2014;68;ADMINISTRACION;15
ABRIL;28/04/2014;68;TRIBUTOS 2014;62
MARZO;7/04/2014;68;AGUA;136.5
MARZO;7/04/2014;68;LUZ;45
ABRIL;5/05/2014;68;AGUA;95
ABRIL;8/05/2014;68;LUZ;41
MAYO;7/06/2014;68;AGUA;92
JUNIO;22/06/2014;68;FUMIGACION;7
MAYO;7/06/2014;68;LUZ;30
ABRIL;26/07/2014;68;ADMINISTRACION;15
MAYO;26/07/2014;68;ADMINISTRACION;15
JUNIO;26/07/2014;68;ADMINISTRACION;15
JUNIO;3/07/2014;68;AGUA;110.5
JUNIO;3/07/2014;68;LUZ;24.5
DICIEMBRE;31/12/2014;68;FUMIGACION;7
FEBRERO;12/03/2014;69;ADMINISTRACION;15
FEBRERO;6/03/2014;69;AGUA;33.6
FEBRERO;7/03/2014;69;LUZ;63.8
MARZO;12/04/2014;69;ADMINISTRACION;15
MARZO;7/04/2014;69;AGUA;26
MARZO;7/04/2014;69;LUZ;60
ABRIL;5/05/2014;69;AGUA;33.8
ABRIL;5/05/2014;69;LUZ;49.5
MAYO;7/06/2014;69;AGUA;8
JUNIO;22/06/2014;69;FUMIGACION;7
MAYO;7/06/2014;69;LUZ;40
JUNIO;3/07/2014;69;AGUA;15
JUNIO;3/07/2014;69;LUZ;37.5
ABRIL;6/08/2014;69;ADMINISTRACION;15
MAYO;6/08/2014;69;ADMINISTRACION;15
JUNIO;6/08/2014;69;ADMINISTRACION;15
JULIO;6/08/2014;69;ADMINISTRACION;15
DICIEMBRE;31/12/2014;69;FUMIGACION;7
FEBRERO;7/03/2014;70;AGUA;41.1
FEBRERO;7/03/2014;70;LUZ;47
MARZO;7/04/2014;70;AGUA;38.5
MARZO;7/04/2014;70;LUZ;37.5
ABRIL;5/05/2014;70;AGUA;33
MAYO;12/05/2014;70;TRIBUTOS 2014;62
ABRIL;5/05/2014;70;LUZ;31
MAYO;7/06/2014;70;AGUA;25
ENERO;4/06/2014;70;AGUA;54.2
JUNIO;22/06/2014;70;FUMIGACION;7
MAYO;7/06/2014;70;LUZ;31
ENERO;4/06/2014;70;LUZ;52.2
JUNIO;3/07/2014;70;AGUA;23
JUNIO;3/07/2014;70;LUZ;26
SETIEMBRE;22/12/2014;70;ADMINISTRACION;15
NOVIEMBRE;22/12/2014;70;ADMINISTRACION;15
FEBRERO;22/12/2014;70;ADMINISTRACION;15
MARZO;22/12/2014;70;ADMINISTRACION;15
ABRIL;22/12/2014;70;ADMINISTRACION;15
MAYO;22/12/2014;70;ADMINISTRACION;15
JUNIO;22/12/2014;70;ADMINISTRACION;15
JULIO;22/12/2014;70;ADMINISTRACION;15
AGOSTO;22/12/2014;70;ADMINISTRACION;15
OCTUBRE;22/12/2014;70;ADMINISTRACION;15
DICIEMBRE;31/12/2014;70;FUMIGACION;7
FEBRERO;7/03/2014;71;ADMINISTRACION;15
FEBRERO;7/03/2014;71;AGUA;61.7
FEBRERO;7/03/2014;71;LUZ;5
MARZO;7/04/2014;71;AGUA;101
MARZO;7/04/2014;71;LUZ;3
ABRIL;5/05/2014;71;AGUA;80
ABRIL;5/05/2014;71;LUZ;3
MAYO;7/06/2014;71;AGUA;83
JUNIO;22/06/2014;71;FUMIGACION;7
MAYO;7/06/2014;71;LUZ;4
JUNIO;3/07/2014;71;AGUA;77
JUNIO;3/07/2014;71;LUZ;6
DICIEMBRE;31/12/2014;71;FUMIGACION;7
ENERO;31/01/2014;72;AGUA;85.5
ENERO;31/01/2014;72;LUZ;2.5
OCTUBRE;21/03/2014;72;ADMINISTRACION;15
NOVIEMBRE;21/03/2014;72;ADMINISTRACION;15
DICIEMBRE;21/03/2014;72;ADMINISTRACION;15
ENERO;21/03/2014;72;ADMINISTRACION;15
FEBRERO;21/03/2014;72;ADMINISTRACION;15
MAYO;12/05/2014;72;TRIBUTOS 2014;62
JUNIO;22/06/2014;72;FUMIGACION;7
SETIEMBRE;6/10/2014;72;ADMINISTRACION;15
JULIO;6/10/2014;72;ADMINISTRACION;15
AGOSTO;6/10/2014;72;ADMINISTRACION;15
DICIEMBRE;31/12/2014;72;FUMIGACION;7
OCTUBRE;21/03/2014;73;ADMINISTRACION;15
NOVIEMBRE;21/03/2014;73;ADMINISTRACION;15
DICIEMBRE;21/03/2014;73;ADMINISTRACION;15
ENERO;21/03/2014;73;ADMINISTRACION;15
FEBRERO;21/03/2014;73;ADMINISTRACION;15
FEBRERO;7/03/2014;73;AGUA;15.6
FEBRERO;7/03/2014;73;LUZ;29
MARZO;7/04/2014;73;AGUA;24
MARZO;8/04/2014;73;LUZ;38.5
ABRIL;5/05/2014;73;AGUA;27
MAYO;12/05/2014;73;TRIBUTOS 2014;62
ABRIL;5/05/2014;73;LUZ;39.5
MAYO;7/06/2014;73;AGUA;27
JUNIO;22/06/2014;73;FUMIGACION;7
MAYO;7/06/2014;73;LUZ;32
JUNIO;3/07/2014;73;AGUA;27
JUNIO;3/07/2014;73;LUZ;51.5
SETIEMBRE;6/10/2014;73;ADMINISTRACION;15
JULIO;6/10/2014;73;ADMINISTRACION;15
AGOSTO;6/10/2014;73;ADMINISTRACION;15
DICIEMBRE;31/12/2014;73;FUMIGACION;7
ENERO;31/01/2014;74;AGUA;36.6
FEBRERO;24/04/2014;74;ADMINISTRACION;15
MARZO;24/04/2014;74;ADMINISTRACION;15
ABRIL;28/04/2014;74;TRIBUTOS 2014;62
MAYO;24/04/2014;74;TRIBUTOS 2014;62
ABRIL;24/04/2014;74;ADMINISTRACION;15
JUNIO;22/06/2014;74;FUMIGACION;7
JULIO;29/08/2014;74;ADMINISTRACION;15
MAYO;29/08/2014;74;ADMINISTRACION;15
JUNIO;29/08/2014;74;ADMINISTRACION;15
AGOSTO;29/08/2014;74;ADMINISTRACION;15
DICIEMBRE;31/12/2014;74;FUMIGACION;7
ENERO;31/01/2014;75;ADMINISTRACION;15
FEBRERO;7/03/2014;76;LUZ;3
ABRIL;28/04/2014;76;TRIBUTOS 2014;62
MARZO;7/04/2014;76;LUZ;8.5
ABRIL;5/05/2014;76;LUZ;5
JUNIO;22/06/2014;76;FUMIGACION;7
MAYO;7/06/2014;76;LUZ;7.5
JUNIO;30/07/2014;76;ADMINISTRACION;15
FEBRERO;30/07/2014;76;ADMINISTRACION;15
MARZO;30/07/2014;76;ADMINISTRACION;15
ABRIL;30/07/2014;76;ADMINISTRACION;15
MAYO;30/07/2014;76;ADMINISTRACION;15
JUNIO;3/07/2014;76;LUZ;7.5
ENERO;6/08/2014;76;LUZ;4.2
DICIEMBRE;31/12/2014;76;FUMIGACION;7
FEBRERO;7/03/2014;77;LUZ;7
MARZO;7/04/2014;77;LUZ;7.5
ABRIL;5/05/2014;77;LUZ;8
JUNIO;22/06/2014;77;FUMIGACION;7
MAYO;7/06/2014;77;LUZ;13
JUNIO;3/07/2014;77;LUZ;9
ENERO;7/08/2014;77;LUZ;9.5
DICIEMBRE;31/12/2014;77;FUMIGACION;7
FEBRERO;15/03/2014;78;ADMINISTRACION;15
FEBRERO;6/03/2014;78;AGUA;53.8
FEBRERO;7/03/2014;78;LUZ;41.5
MARZO;15/04/2014;78;ADMINISTRACION;15
ABRIL;15/04/2014;78;TRIBUTOS 2014;62
MARZO;7/04/2014;78;AGUA;42
MARZO;7/04/2014;78;LUZ;30.6
ABRIL;5/05/2014;78;AGUA;38
ABRIL;5/05/2014;78;LUZ;31
MAYO;7/06/2014;78;AGUA;29
JUNIO;22/06/2014;78;FUMIGACION;7
MAYO;7/06/2014;78;LUZ;34
JUNIO;3/07/2014;78;AGUA;32
JUNIO;3/07/2014;78;LUZ;29
DICIEMBRE;31/12/2014;78;FUMIGACION;7
ENERO;31/01/2014;79;AGUA;88.7
ENERO;31/01/2014;79;LUZ;53.1
FEBRERO;7/03/2014;79;ADMINISTRACION;15
FEBRERO;7/03/2014;79;LUZ;8
ABRIL;28/04/2014;79;TRIBUTOS 2014;62
MARZO;7/04/2014;79;LUZ;17.5
ABRIL;5/05/2014;79;LUZ;8
JUNIO;22/06/2014;79;FUMIGACION;7
MAYO;7/06/2014;79;LUZ;3
MARZO;19/07/2014;79;ADMINISTRACION;15
JUNIO;3/07/2014;79;LUZ;4
DICIEMBRE;31/12/2014;79;FUMIGACION;7
ENERO;31/01/2014;80;LUZ;19.3
NOVIEMBRE;27/03/2014;80;ADMINISTRACION;15
FEBRERO;7/03/2014;80;LUZ;7.6
MARZO;7/04/2014;80;LUZ;9.5
ABRIL;5/05/2014;80;LUZ;7
JUNIO;22/06/2014;80;FUMIGACION;7
DICIEMBRE;22/06/2014;80;FUMIGACION;7
MAYO;7/06/2014;80;LUZ;14.5
JUNIO;3/07/2014;80;LUZ;18.5
ENERO;31/01/2014;81;LUZ;11
FEBRERO;6/03/2014;81;AGUA;25.9
FEBRERO;7/03/2014;81;LUZ;54.1
MARZO;7/04/2014;81;AGUA;37
MARZO;7/04/2014;81;LUZ;50.5
ABRIL;5/05/2014;81;AGUA;36
ABRIL;5/05/2014;81;LUZ;50
MAYO;7/06/2014;81;AGUA;28
MAYO;19/06/2014;81;ALQUILER DE ESPACIOS;250
FEBRERO;19/06/2014;81;ALQUILER DE ESPACIOS;250
MARZO;19/06/2014;81;ALQUILER DE ESPACIOS;250
ABRIL;19/06/2014;81;ALQUILER DE ESPACIOS;250
JUNIO;22/06/2014;81;FUMIGACION;7
MAYO;7/06/2014;81;LUZ;50
JUNIO;3/07/2014;81;AGUA;28
JUNIO;12/07/2014;81;ALQUILER DE ESPACIOS;250
JUNIO;3/07/2014;81;LUZ;30
JULIO;11/09/2014;81;ALQUILER DE ESPACIO;250
AGOSTO;11/09/2014;81;ALQUILER DE ESPACIO;250
SETIEMBRE;20/10/2014;81;ALQUILER DE ESPACIOS;250
OCTUBRE;20/10/2014;81;ALQUILER DE ESPACIOS;250
NOVIEMBRE;22/12/2014;81;ALQUILER DE ESPACIOS;250
ABRIL;29/04/2014;82;TRIBUTOS 2014;62
MARZO;7/04/2014;82;AGUA;19
ABRIL;5/05/2014;82;LUZ;21
JUNIO;22/06/2014;82;FUMIGACION;7
JUNIO;30/07/2014;82;ADMINISTRACION;15
FEBRERO;30/07/2014;82;ADMINISTRACION;15
MARZO;30/07/2014;82;ADMINISTRACION;15
ABRIL;30/07/2014;82;ADMINISTRACION;15
MAYO;30/07/2014;82;ADMINISTRACION;15
JUNIO;3/07/2014;82;AGUA;17
JUNIO;3/07/2014;82;LUZ;20.5
DICIEMBRE;31/12/2014;82;FUMIGACION;7
FEBRERO;7/03/2014;83;AGUA;18.2
FEBRERO;7/03/2014;83;LUZ;17.5
ABRIL;30/04/2014;83;TRIBUTOS 2014;62
MARZO;7/04/2014;83;LUZ;16
ABRIL;5/05/2014;83;AGUA;20
MAYO;7/06/2014;83;AGUA;19
JUNIO;22/06/2014;83;FUMIGACION;7
MAYO;7/06/2014;83;LUZ;22.5
FEBRERO;30/07/2014;83;ADMINISTRACION;15
MARZO;30/07/2014;83;ADMINISTRACION;15
ABRIL;30/07/2014;83;ADMINISTRACION;15
MAYO;30/07/2014;83;ADMINISTRACION;15
JUNIO;30/07/2014;83;ADMINISTRACION;15
DICIEMBRE;31/12/2014;83;FUMIGACION;7
FEBRERO;25/03/2014;84;ADMINISTRACION;15
FEBRERO;6/03/2014;84;AGUA;11.1
FEBRERO;7/03/2014;84;LUZ;84.2
MARZO;8/04/2014;84;ADMINISTRACION;15
ABRIL;28/04/2014;84;TRIBUTOS 2014;62
MARZO;7/04/2014;84;AGUA;10
MARZO;7/04/2014;84;LUZ;77.6
ABRIL;5/05/2014;84;AGUA;11
ABRIL;5/05/2014;84;LUZ;77.5
MAYO;7/06/2014;84;ADMINISTRACION;15
MAYO;7/06/2014;84;AGUA;10.4
JUNIO;22/06/2014;84;FUMIGACION;7
MAYO;7/06/2014;84;LUZ;63.2
JUNIO;3/07/2014;84;ADMINISTRACION;15
JUNIO;3/07/2014;84;AGUA;12
JUNIO;3/07/2014;84;LUZ;79
JULIO;11/08/2014;84;ADMINISTRACION;15
AGOSTO;12/09/2014;84;ADMINISTRACION;15
SETIEMBRE;22/10/2014;84;ADMINISTRACION;15
NOVIEMBRE;22/12/2014;84;ADMINISTRACION;15
DICIEMBRE;31/12/2014;84;FUMIGACION;7
ENERO;31/01/2014;85;AGUA;14.7
ENERO;31/01/2014;85;LUZ;97
FEBRERO;7/03/2014;85;ADMINISTRACION;15
FEBRERO;7/03/2014;85;AGUA;6.8
FEBRERO;7/03/2014;85;LUZ;55.8
ENERO;5/05/2014;85;ADMINISTRACION;15
MARZO;6/04/2014;85;ADMINISTRACION;15
MARZO;7/04/2014;85;AGUA;7
MARZO;7/04/2014;85;LUZ;51.5
ABRIL;5/05/2014;85;AGUA;6
ABRIL;5/05/2014;85;LUZ;45.5
MAYO;7/06/2014;85;AGUA;6
JUNIO;22/06/2014;85;FUMIGACION;7
MAYO;7/06/2014;85;LUZ;49
JUNIO;3/07/2014;85;ADMINISTRACION;15
ABRIL;3/07/2014;85;ADMINISTRACION;15
MAYO;3/07/2014;85;ADMINISTRACION;15
JULIO;3/07/2014;85;TRIBUTOS 2014;62
JUNIO;3/07/2014;85;AGUA;5
JUNIO;3/07/2014;85;LUZ;41.5
JULIO;13/08/2014;85;ADMINISTRACION;15
AGOSTO;12/09/2014;85;ADMINISTRACION;15
SETIEMBRE;15/10/2014;85;ADMINISTRACION;15
DICIEMBRE;31/12/2014;85;FUMIGACION;7
ENERO;31/01/2014;86;ADMINISTRACION;15
ENERO;31/01/2014;86;AGUA;5.9
ENERO;31/01/2014;86;LUZ;54.9
FEBRERO;6/03/2014;86;AGUA;12.6
MARZO;7/04/2014;86;AGUA;14
ABRIL;5/05/2014;86;AGUA;14
MAYO;7/06/2014;86;AGUA;9
JUNIO;5/06/2014;86;TRIBUTOS 2014;62
JUNIO;22/06/2014;86;FUMIGACION;7
JUNIO;3/07/2014;86;AGUA;7
AGOSTO;11/08/2014;86;ARBITRIOS PREDIAL 2011;58
AGOSTO;11/08/2014;86;ARBITRIOS PREDIAL 2012;66
AGOSTO;23/08/2014;86;ARBITRIOS PREDIAL 2013;74
JULIO;9/08/2014;86;LUZ;1
AGOSTO;7/08/2014;86;LUZ ENE. 2014 Y ACUMULADO  2013;45
DICIEMBRE;31/12/2014;86;FUMIGACION;7
ENERO;31/01/2014;87;AGUA;19.1
ENERO;11/03/2014;87;ADMINISTRACION;15
FEBRERO;11/03/2014;87;ADMINISTRACION;15
FEBRERO;7/03/2014;87;LUZ;3.6
MARZO;29/04/2014;87;ADMINISTRACION;15
MARZO;7/04/2014;87;LUZ;5.5
ABRIL;29/05/2014;87;ADMINISTRACION;15
MAYO;29/05/2014;87;TRIBUTOS 2014;62
ABRIL;5/05/2014;87;LUZ;5.5
JUNIO;22/06/2014;87;FUMIGACION;7
MAYO;7/06/2014;87;LUZ;11
JUNIO;3/07/2014;87;LUZ;8
MAYO;20/08/2014;87;ADMINISTRACION;15
JUNIO;20/08/2014;87;ADMINISTRACION;15
AGOSTO;20/08/2014;87;ADMINISTRACION;15
JULIO;20/08/2014;87;ADMINISTRACION;15
DICIEMBRE;18/12/2014;87;ADMINISTRACION;15
NOVIEMBRE;18/12/2014;87;ADMINISTRACION;15
SETIEMBRE;18/12/2014;87;ADMINISTRACION;15
OCTUBRE;18/12/2014;87;ADMINISTRACION;15
ENERO;31/01/2014;88;LUZ;6.3
FEBRERO;27/03/2014;88;ADMINISTRACION;15
FEBRERO;7/03/2014;88;LUZ;10.3
MARZO;7/04/2014;88;LUZ;11
ABRIL;5/05/2014;88;LUZ;14
JUNIO;22/06/2014;88;FUMIGACION;7
MAYO;7/06/2014;88;LUZ;17
JUNIO;3/07/2014;88;LUZ;14
ENERO;31/01/2014;89;LUZ;9
FEBRERO;6/03/2014;89;AGUA;23.6
FEBRERO;7/03/2014;89;LUZ;35.7
MARZO;4/04/2014;89;AGUA;30
MARZO;7/04/2014;89;LUZ;33
ABRIL;5/05/2014;89;AGUA;29
ABRIL;5/05/2014;89;LUZ;30
MAYO;7/06/2014;89;AGUA;30
MAYO;7/06/2014;89;LUZ;34
JUNIO;3/07/2014;89;AGUA;30.5
JUNIO;3/07/2014;89;LUZ;28
DICIEMBRE;31/12/2014;89;FUMIGACION;7
ENERO;31/01/2014;90;ADMINISTRACION;15
JULIO;31/01/2014;90;AGUA;41.5
ENERO;31/01/2014;90;AGUA;66.5
ENERO;31/01/2014;90;LUZ;38.5
JULIO;31/01/2014;90;LUZ;35
FEBRERO;25/03/2014;90;ADMINISTRACION;15
FEBRERO;7/03/2014;90;AGUA;62.2
FEBRERO;7/03/2014;90;LUZ;32.3
MARZO;2/04/2014;90;ADMINISTRACION;15
ABRIL;28/04/2014;90;TRIBUTOS 2014;62
MARZO;7/04/2014;90;AGUA;61.5
MARZO;7/04/2014;90;LUZ;31
ABRIL;5/05/2014;90;AGUA;68
ABRIL;5/05/2014;90;LUZ;31.5
MAYO;7/06/2014;90;AGUA;42
JUNIO;22/06/2014;90;FUMIGACION;7
MAYO;7/06/2014;90;LUZ;22
ABRIL;3/07/2014;90;ADMINISTRACION;15
JUNIO;3/07/2014;90;AGUA;55
JUNIO;3/07/2014;90;LUZ;20
DICIEMBRE;31/12/2014;90;FUMIGACION;7
FEBRERO;8/03/2014;91;ADMINISTRACION;15
FEBRERO;7/03/2014;91;AGUA;39.1
FEBRERO;8/03/2014;91;LUZ;83.3
MARZO;2/04/2014;91;ADMINISTRACION;15
MARZO;7/04/2014;91;AGUA;47
ABRIL;6/05/2014;91;ADMINISTRACION;15
ABRIL;5/05/2014;91;AGUA;45
MAYO;6/05/2014;91;TRIBUTOS 2014;62
MAYO;7/06/2014;91;ADMINISTRACION;15
MAYO;7/06/2014;91;AGUA;41
JUNIO;22/06/2014;91;FUMIGACION;7
MAYO;7/06/2014;91;LUZ;72
JUNIO;3/07/2014;91;ADMINISTRACION;15
ENERO;19/07/2014;91;AGUA/LUZ;137.4
JUNIO;3/07/2014;91;AGUA;49
ENERO;19/07/2014;91;AGUA-LUZ;137.4
JULIO;11/08/2014;91;ADMINISTRACION;15
AGOSTO;15/09/2014;91;ADMINISTRACION;15
SETIEMBRE;15/10/2014;91;ADMINISTRACION;15
OCTUBRE;11/11/2014;91;ADMINISTRACION;15
NOVIEMBRE;19/12/2014;91;ADMINISTRACION;15
DICIEMBRE;31/12/2014;91;FUMIGACION;7
FEBRERO;7/03/2014;92;ADMINISTRACION;15
MARZO;7/04/2014;92;ADMINISTRACION;15
MARZO;7/04/2014;92;LUZ;76
ABRIL;6/05/2014;92;ADMINISTRACION;15
MAYO;6/05/2014;92;TRIBUTOS 2014;62
ABRIL;5/05/2014;92;LUZ;66.5
MAYO;7/06/2014;92;ADMINISTRACION;15
JUNIO;22/06/2014;92;FUMIGACION;7
JUNIO;3/07/2014;92;ADMINISTRACION;15
JUNIO;3/07/2014;92;LUZ;58.5
JULIO;11/08/2014;92;ADMINISTRACION;15
AGOSTO;15/09/2014;92;ADMINISTRACION;15
SETIEMBRE;15/10/2014;92;ADMINISTRACION;15
OCTUBRE;11/11/2014;92;ADMINISTRACION;15
NOVIEMBRE;19/12/2014;92;ADMINISTRACION;15
DICIEMBRE;31/12/2014;92;FUMIGACION;7
FEBRERO;7/03/2014;93;ADMINISTRACION;15
MARZO;7/04/2014;93;ADMINISTRACION;15
ABRIL;6/05/2014;93;ADMINISTRACION;15
MAYO;6/05/2014;93;TRIBUTOS 2014;62
MAYO;7/06/2014;93;ADMINISTRACION;15
JUNIO;22/06/2014;93;FUMIGACION;7
JUNIO;3/07/2014;93;ADMINISTRACION;15
JULIO;11/08/2014;93;ADMINISTRACION;15
AGOSTO;15/09/2014;93;ADMINISTRACION;15
SETIEMBRE;15/10/2014;93;ADMINISTRACION;15
OCTUBRE;11/11/2014;93;ADMINISTRACION;15
NOVIEMBRE;19/12/2014;93;ADMINISTRACION;15
DICIEMBRE;31/12/2014;93;FUMIGACION;7
FEBRERO;7/03/2014;94;LUZ;33.5
MARZO;7/04/2014;94;LUZ;43
ABRIL;5/05/2014;94;LUZ;38.5
JUNIO;22/06/2014;94;FUMIGACION;7
JUNIO;3/07/2014;94;LUZ;28
AGOSTO;8/08/2014;94;DEUDA DE ALQUILER;184
OCTUBRE;11/11/2014;94;ADMINISTRACION;15
SETIEMBRE;11/11/2014;94;ADMINISTRACION;15
NOVIEMBRE;11/12/2014;94;ADMINISTRACION;15
DICIEMBRE;11/12/2014;94;ADMINISTRACION;15
FEBRERO;6/03/2014;95;AGUA;62.5
MARZO;7/04/2014;95;AGUA;98.5
ABRIL;5/05/2014;95;AGUA;115
MAYO;7/06/2014;95;AGUA;94
JUNIO;22/06/2014;95;FUMIGACION;7
MAYO;7/06/2014;95;LUZ;37.5
JUNIO;3/07/2014;95;AGUA;90.5
FEBRERO;7/03/2014;96;LUZ;20.5
MARZO;7/04/2014;96;LUZ;20.5
ABRIL;5/05/2014;96;LUZ;17
MAYO;7/06/2014;96;AGUA;100
JUNIO;22/06/2014;96;FUMIGACION;7
MAYO;7/06/2014;96;LUZ;19.5
JUNIO;3/07/2014;96;AGUA;86.5
JUNIO;3/07/2014;96;LUZ;14.5
ENERO;7/08/2014;96;AGUA;98.4
DICIEMBRE;31/12/2014;96;FUMIGACION;7
ENERO;31/01/2014;97;LUZ;35.5
FEBRERO;7/03/2014;97;AGUA;87.7
MARZO;7/04/2014;97;AGUA;80.5
ABRIL;5/05/2014;97;AGUA;78
JUNIO;22/06/2014;97;FUMIGACION;7
DICIEMBRE;31/12/2014;97;FUMIGACION;7
ENERO;31/01/2014;98;AGUA;55.2
FEBRERO;28/03/2014;98;ADMINISTRACION;15
FEBRERO;11/03/2014;98;LUZ;4
MARZO;7/04/2014;98;AGUA;20
MARZO;7/04/2014;98;LUZ;3
ABRIL;5/05/2014;98;AGUA;14
ABRIL;5/05/2014;98;LUZ;3
MAYO;7/06/2014;98;AGUA;12
JUNIO;22/06/2014;98;FUMIGACION;7
MAYO;7/06/2014;98;LUZ;5
JUNIO;3/07/2014;98;AGUA;13
JUNIO;3/07/2014;98;LUZ;3.5
MARZO;2/08/2014;98;ADMINISTRACION;15
FEBRERO;2/08/2014;98;AGUA;3.1
ENERO;11/08/2014;98;LUZ;12.1
ABRIL;22/09/2014;98;ADMINISTRACION;15
DICIEMBRE;31/12/2014;98;FUMIGACION;7
FEBRERO;7/03/2014;99;ADMINISTRACION;15
FEBRERO;8/03/2014;99;AGUA;25.4
FEBRERO;8/03/2014;99;LUZ;6.6
MARZO;7/04/2014;99;ADMINISTRACION;15
ABRIL;26/04/2014;99;TRIBUTOS 2014;62
MARZO;7/04/2014;99;AGUA;24.5
MARZO;7/04/2014;99;LUZ;7
ABRIL;5/05/2014;99;ADMINISTRACION;15
ABRIL;5/05/2014;99;AGUA;27
ABRIL;5/05/2014;99;LUZ;7.5
MAYO;7/06/2014;99;ADMINISTRACION;15
MAYO;7/06/2014;99;AGUA;25
JUNIO;22/06/2014;99;FUMIGACION;7
MAYO;7/06/2014;99;LUZ;8.5
JUNIO;3/07/2014;99;ADMINISTRACION;15
JUNIO;3/07/2014;99;AGUA;25
JUNIO;3/07/2014;99;LUZ;7.5
JULIO;11/08/2014;99;ADMINISTRACION;15
AGOSTO;13/09/2014;99;ADMINISTRACION;15
SETIEMBRE;13/10/2014;99;ADMINISTRACION;15
OCTUBRE;11/11/2014;99;ADMINISTRACION;15
NOVIEMBRE;15/12/2014;99;ADMINISTRACION;15
DICIEMBRE;31/12/2014;99;FUMIGACION;7
ABRIL;28/04/2014;100;TRIBUTOS 2014;62
JUNIO;22/06/2014;100;FUMIGACION;7
JUNIO;30/07/2014;100;ADMINISTRACION;15
FEBRERO;30/07/2014;100;ADMINISTRACION;15
MARZO;30/07/2014;100;ADMINISTRACION;15
ABRIL;30/07/2014;100;ADMINISTRACION;15
MAYO;30/07/2014;100;ADMINISTRACION;15
DICIEMBRE;31/12/2014;100;FUMIGACION;7
AGOSTO;31/12/2014;100;FUMIGACION;7
FEBRERO;7/03/2014;101;AGUA;20.4
FEBRERO;10/03/2014;101;LUZ;26
MARZO;9/04/2014;101;AGUA;21.5
MARZO;7/04/2014;101;LUZ;26.5
ABRIL;5/05/2014;101;AGUA;27
ABRIL;5/05/2014;101;LUZ;30
MAYO;7/06/2014;101;AGUA;20
JUNIO;22/06/2014;101;FUMIGACION;7
MAYO;7/06/2014;101;LUZ;30
JUNIO;3/07/2014;101;AGUA;22
JUNIO;3/07/2014;101;LUZ;26.5
FEBRERO;12/04/2014;102;ADMINISTRACION;15
MARZO;12/04/2014;102;ADMINISTRACION;15
ABRIL;5/05/2014;102;LUZ;23
JUNIO;22/06/2014;102;FUMIGACION;7
JUNIO;3/07/2014;102;LUZ;21
ABRIL;20/09/2014;102;ADMINISTRACION;15
MAYO;20/09/2014;102;ADMINISTRACION;15
JUNIO;20/09/2014;102;ADMINISTRACION;15
JULIO;20/09/2014;102;ADMINISTRACION;15
DICIEMBRE;31/12/2014;102;FUMIGACION;7
FEBRERO;25/03/2014;103;ADMINISTRACION;15
FEBRERO;7/03/2014;103;LUZ;28.4
MARZO;12/04/2014;103;ADMINISTRACION;15
MARZO;7/04/2014;103;LUZ;26.5
JUNIO;22/06/2014;103;FUMIGACION;7
MAYO;7/06/2014;103;LUZ;24.5
ABRIL;20/09/2014;103;ADMINISTRACION;15
MAYO;20/09/2014;103;ADMINISTRACION;15
JUNIO;20/09/2014;103;ADMINISTRACION;15
JULIO;20/09/2014;103;ADMINISTRACION;15
DICIEMBRE;31/12/2014;103;FUMIGACION;7
FEBRERO;7/03/2014;104;LUZ;5
ENERO;7/03/2014;104;LUZ ;4.2
MARZO;7/04/2014;104;LUZ;5
ABRIL;5/05/2014;104;LUZ;5
JUNIO;22/06/2014;104;FUMIGACION;7
MAYO;7/06/2014;104;LUZ;8.5
JUNIO;3/07/2014;104;LUZ;11
DICIEMBRE;31/12/2014;104;FUMIGACION;7
ENERO;31/01/2014;105;ADMINISTRACION;15
ENERO;31/01/2014;105;AGUA;29.2
ENERO;31/01/2014;105;LUZ;8.1
FEBRERO;7/03/2014;105;AGUA;63.6
FEBRERO;7/03/2014;105;LUZ;10.9
MARZO;7/04/2014;105;AGUA;39
MARZO;7/04/2014;105;LUZ;11.5
ABRIL;5/05/2014;105;AGUA;87
ABRIL;5/05/2014;105;LUZ;13
MAYO;7/06/2014;105;AGUA;63
JUNIO;22/06/2014;105;FUMIGACION;7
MAYO;7/06/2014;105;LUZ;16
JUNIO;3/07/2014;105;AGUA;57
JUNIO;3/07/2014;105;LUZ;14
DICIEMBRE;31/12/2014;105;FUMIGACION;7
ENERO;31/01/2014;107;AGUA;24.7
ENERO;31/01/2014;107;LUZ;31.3
ENERO;31/01/2014;108;LUZ;27.7
FEBRERO;24/04/2014;108;ADMINISTRACION;15
FEBRERO;6/03/2014;108;AGUA;64.4
FEBRERO;7/03/2014;108;LUZ;10
MARZO;24/04/2014;108;ADMINISTRACION;15
ABRIL;24/04/2014;108;TRIBUTOS 2014;62
MARZO;7/04/2014;108;AGUA;66
MARZO;8/04/2014;108;LUZ;8
ABRIL;24/04/2014;108;ADMINISTRACION;15
ABRIL;5/05/2014;108;AGUA;72
ABRIL;5/05/2014;108;LUZ;8.5
MAYO;7/06/2014;108;AGUA;79
JUNIO;22/06/2014;108;FUMIGACION;7
MAYO;7/06/2014;108;LUZ;12.5
JUNIO;3/07/2014;108;AGUA;80
JUNIO;3/07/2014;108;LUZ;13
JULIO;20/08/2014;108;ADMINISTRACION;15
MAYO;20/08/2014;108;ADMINISTRACION;15
JUNIO;20/08/2014;108;ADMINISTRACION;15
AGOSTO;20/08/2014;108;ADMINISTRACION;15
DICIEMBRE;31/12/2014;108;FUMIGACION;7
FEBRERO;6/03/2014;109;ADMINISTRACION;15
FEBRERO;6/03/2014;109;AGUA;116.9
FEBRERO;6/03/2014;109;ALQUILER DE ESPACIOS;112
FEBRERO;7/03/2014;109;LUZ;18.4
MARZO;7/04/2014;109;ADMINISTRACION;15
ABRIL;7/04/2014;109;TRIBUTOS 2014;62
MARZO;7/04/2014;109;AGUA;130
MARZO;7/04/2014;109;ALQUILER DE ESPACIOS;124
MARZO;7/04/2014;109;LUZ;16.4
ABRIL;5/05/2014;109;ADMINISTRACION;15
ABRIL;5/05/2014;109;AGUA;110
ABRIL;6/05/2014;109;ALQUILER DE ESPACIOS (2);120
ABRIL;5/05/2014;109;LUZ;18.5
MAYO;7/06/2014;109;ADMINISTRACION;15
MAYO;7/06/2014;109;AGUA;125
MAYO;12/06/2014;109;ALQUILER DE ESPACIOS (2);124
JUNIO;22/06/2014;109;FUMIGACION;7
MAYO;7/06/2014;109;LUZ;25.5
JUNIO;3/07/2014;109;ADMINISTRACION;15
JUNIO;3/07/2014;109;AGUA;114.5
JUNIO;3/07/2014;109;ALQUILER DE ESPACIOS;120
JUNIO;3/07/2014;109;LUZ;26.5
AGOSTO;7/08/2014;109;ALQUILER DE ESPACIOS Y ADM. JULIO;62
AGOSTO;11/09/2014;109;ADMINISTRACION;15
SETIEMBRE;11/09/2014;109;ALQUILER DE ESPACIOS (2);124
SETIEMBRE;13/10/2014;109;ADMINISTRACION;15
AGOSTO;13/10/2014;109;ALQUILER DE ESPACIOS(2);120
OCTUBRE;10/11/2014;109;ADMINISTRACION;15
OCTUBRE;10/11/2014;109;ALQUILER DE ESPACIOS;124
NOVIEMBRE;15/12/2014;109;ADMINISTRACION;15
NOVIEMBRE;15/12/2014;109;ALQUILER DE ESPACIOS;120
DICIEMBRE;31/12/2014;109;FUMIGACION;7
FEBRERO;7/03/2014;110;ADMINISTRACION;15
FEBRERO;6/03/2014;110;AGUA;49.6
FEBRERO;7/03/2014;110;LUZ;5
MARZO;7/04/2014;110;AGUA;58
MARZO;7/04/2014;110;LUZ;3
ABRIL;5/05/2014;110;AGUA;40
ABRIL;5/05/2014;110;LUZ;3
MAYO;7/06/2014;110;AGUA;57
JUNIO;22/06/2014;110;FUMIGACION;7
DICIEMBRE;22/06/2014;110;FUMIGACION;7
MAYO;7/06/2014;110;LUZ;3
JUNIO;3/07/2014;110;AGUA;65
JUNIO;3/07/2014;110;LUZ;3
DICIEMBRE;3/07/2014;110;LUZ;2
ENERO;31/01/2014;111;AGUA;74.8
ENERO;31/01/2014;111;LUZ;8.3
FEBRERO;7/03/2014;111;ADMINISTRACION;15
FEBRERO;7/03/2014;111;LUZ;3
ABRIL;28/04/2014;111;TRIBUTOS 2014;62
MARZO;7/04/2014;111;LUZ;3
ABRIL;5/05/2014;111;LUZ;3
JUNIO;22/06/2014;111;FUMIGACION;7
MAYO;7/06/2014;111;LUZ;3
JUNIO;3/07/2014;111;LUZ;3
JULIO;6/08/2014;111;LUZ;1
DICIEMBRE;31/12/2014;111;FUMIGACION;7
FEBRERO;24/04/2014;112;ADMINISTRACION;15
MARZO;24/04/2014;112;ADMINISTRACION;15
ABRIL;24/04/2014;112;TRIBUTOS 2014;62
ABRIL;24/05/2014;112;ADMINISTRACION;15
JUNIO;22/06/2014;112;FUMIGACION;7
MAYO;25/08/2014;112;ADMINISTRACION;15
JUNIO;25/08/2014;112;ADMINISTRACION;15
AGOSTO;25/08/2014;112;ADMINISTRACION;15
JULIO;25/08/2014;112;ADMINISTRACION;15
DICIEMBRE;31/12/2014;112;FUMIGACION;7
FEBRERO;7/03/2014;113;AGUA;89.6
FEBRERO;7/03/2014;113;LUZ;49.8
MARZO;7/04/2014;113;AGUA;84.5
MARZO;7/04/2014;113;LUZ;57.5
ABRIL;5/05/2014;113;AGUA;40
ABRIL;5/05/2014;113;LUZ;34.5
MAYO;7/06/2014;113;AGUA;77
JUNIO;22/06/2014;113;FUMIGACION;7
MAYO;7/06/2014;113;LUZ;40.5
JUNIO;3/07/2014;113;AGUA;70.5
JUNIO;3/07/2014;113;LUZ;32
DICIEMBRE;31/12/2014;113;FUMIGACION;7
ENERO;31/01/2014;114;ADMINISTRACION;15
ENERO;31/01/2014;114;AGUA;74.6
ENERO;31/01/2014;114;LUZ;11.5
JUNIO;22/06/2014;114;FUMIGACION;7
DICIEMBRE;31/12/2014;114;FUMIGACION;7
ENERO;31/01/2014;115;ADMINISTRACION;15
ENERO;31/01/2014;115;AGUA;145.7
ENERO;31/01/2014;115;CUOTA ALQUILER;62
FEBRERO;31/01/2014;115;CUOTA ALQUILER;124
ENERO;31/01/2014;115;LUZ;21.3
FEBRERO;14/04/2014;115;ADMINISTRACION;15
DICIEMBRE;7/03/2014;115;ADMINISTRACION;15
FEBRERO;6/03/2014;115;AGUA;77.3
FEBRERO;7/03/2014;115;LUZ;8.2
MARZO;14/04/2014;115;ADMINISTRACION;15
MARZO;7/04/2014;115;AGUA;82.5
MARZO;7/04/2014;115;LUZ;8.5
ABRIL;24/05/2014;115;ADMINISTRACION;15
ABRIL;5/05/2014;115;AGUA;80
MAYO;2/05/2014;115;TRIBUTOS 2014;62
ABRIL;5/05/2014;115;LUZ;10
MAYO;24/06/2014;115;ADMINISTRACION;15
MAYO;7/06/2014;115;AGUA;87
JUNIO;22/06/2014;115;FUMIGACION;7
MAYO;7/06/2014;115;LUZ;13
JUNIO;3/07/2014;115;AGUA;89.5
JUNIO;3/07/2014;115;LUZ;11
JUNIO;5/09/2014;115;ADMINISTRACION;15
JULIO;5/09/2014;115;ADMINISTRACION;15
NOVIEMBRE;1/12/2014;115;ADMINISTRACION;15
AGOSTO;1/12/2014;115;ADMINISTRACION;15
SETIEMBRE;1/12/2014;115;ADMINISTRACION;15
OCTUBRE;1/12/2014;115;ADMINISTRACION;15
DICIEMBRE;31/12/2014;115;FUMIGACION;7
ENERO;31/01/2014;116;AGUA;62.6
ENERO;31/01/2014;116;LUZ;2.5
JUNIO;22/06/2014;116;FUMIGACION;7
FEBRERO;7/03/2014;117;ADMINISTRACION;15
FEBRERO;7/03/2014;117;AGUA;43
FEBRERO;7/03/2014;117;LUZ;8.8
MARZO;7/04/2014;117;AGUA;31.5
MARZO;7/04/2014;117;LUZ;9
ABRIL;5/05/2014;117;ADMINISTRACION;15
ABRIL;5/05/2014;117;AGUA;40
ABRIL;5/05/2014;117;LUZ;7.5
MAYO;7/06/2014;117;ADMINISTRACION;15
MAYO;7/06/2014;117;AGUA;60
JUNIO;22/06/2014;117;FUMIGACION;7
MAYO;7/06/2014;117;LUZ;10
JUNIO;5/07/2014;117;ADMINISTRACION;15
JUNIO;3/07/2014;117;AGUA;55
JUNIO;3/07/2014;117;LUZ;9
AGOSTO;12/09/2014;117;ADMINISTRACION;15
DICIEMBRE;31/12/2014;117;FUMIGACION;7
FEBRERO;6/03/2014;118;AGUA;24.9
FEBRERO;7/03/2014;118;LUZ;25
MARZO;8/04/2014;118;AGUA;25
MARZO;7/04/2014;118;LUZ;15.2
ABRIL;5/05/2014;118;AGUA;25
ABRIL;5/05/2014;118;LUZ;8
MAYO;7/06/2014;118;AGUA;25
JUNIO;22/06/2014;118;FUMIGACION;7
MAYO;7/06/2014;118;LUZ;7
JUNIO;3/07/2014;118;AGUA;25
JUNIO;3/07/2014;118;LUZ;6
FEBRERO;31/03/2014;119;ADMINISTRACION;15
FEBRERO;8/03/2014;119;LUZ;4
MARZO;7/04/2014;119;LUZ;3
ABRIL;5/05/2014;119;LUZ;3
JUNIO;22/06/2014;119;FUMIGACION;7
MAYO;7/06/2014;119;LUZ;5
JUNIO;3/07/2014;119;LUZ;3.5
SETIEMBRE;25/10/2014;119;ADMINISTRACION;15
MARZO;20/10/2014;119;ADMINISTRACION;15
ABRIL;20/10/2014;119;ADMINISTRACION;15
MAYO;20/10/2014;119;ADMINISTRACION;15
JUNIO;20/10/2014;119;ADMINISTRACION;15
JULIO;25/10/2014;119;ADMINISTRACION;15
AGOSTO;25/10/2014;119;ADMINISTRACION;15
OCTUBRE;25/10/2014;119;ADMINISTRACION;15
ENERO;31/01/2014;120;ADMINISTRACION;15
FEBRERO;22/03/2014;120;ADMINISTRACION;15
FEBRERO;22/03/2014;120;LUZ;1.1
MARZO;7/04/2014;120;LUZ;3
ABRIL;5/05/2014;120;LUZ;3
JUNIO;22/06/2014;120;FUMIGACION;7
MAYO;7/06/2014;120;LUZ;3
JULIO;26/07/2014;120;AUTOVALUO;62
JUNIO;3/07/2014;120;LUZ;3
ENERO;26/07/2014;120;LUZ;1.1
MARZO;22/09/2014;120;ADMINISTRACION;15
ABRIL;22/09/2014;120;ADMINISTRACION;15
MAYO;22/09/2014;120;ADMINISTRACION;15
DICIEMBRE;31/12/2014;120;FUMIGACION;7
ENERO;31/01/2014;121;LUZ;70.9
FEBRERO;7/03/2014;121;LUZ;4
MARZO;7/04/2014;121;LUZ;5
ABRIL;5/05/2014;121;LUZ;3.5
JUNIO;22/06/2014;121;FUMIGACION;7
MAYO;7/06/2014;121;LUZ;6
JUNIO;12/07/2014;121;ALQUILER DE ESPACIOS;150
JUNIO;3/07/2014;121;LUZ;3
JULIO;16/08/2014;121;ALQUILER DE ESPACIO;150
AGOSTO;16/08/2014;121;ALQUILER DE ESPACIO;150
JULIO;6/08/2014;121;LUZ;4
SETIEMBRE;22/09/2014;121;ALQUILER DE ESPACIOS;150
ENERO;31/01/2014;122;AGUA;109.5
FEBRERO;27/03/2014;122;ADMINISTRACION;15
FEBRERO;8/03/2014;122;LUZ;4
MARZO;12/04/2014;122;ADMINISTRACION;15
MARZO;8/04/2014;122;LUZ;7.2
ABRIL;5/05/2014;122;LUZ;5
JUNIO;22/06/2014;122;FUMIGACION;7
MAYO;7/06/2014;122;LUZ;6
JUNIO;3/07/2014;122;LUZ;7.5
AGOSTO;7/08/2014;122;LUZ 2014 Y ACUMULADO LUZ 2013;25
DICIEMBRE;31/12/2014;122;FUMIGACION;7
FEBRERO;7/03/2014;123;LUZ;6
ENERO;7/03/2014;123;LUZ ;9.3
MARZO;7/04/2014;123;LUZ;3
ABRIL;5/05/2014;123;LUZ;13
JUNIO;22/06/2014;123;FUMIGACION;7
MAYO;7/06/2014;123;LUZ;12.5
JUNIO;3/07/2014;123;LUZ;11
AGOSTO;1/08/2014;123;ALQUILER DE ESPACIOS Y DEUDA PENDIENTE;200
DICIEMBRE;5/09/2014;123;ALQUILER Y DEUDA;200
SETIEMBRE;4/11/2014;123;ALQUILER DE ESPACIOS Y DEUDA PENDIENTE;200
DICIEMBRE;31/12/2014;123;FUMIGACION;7
FEBRERO;6/03/2014;124;ADMINISTRACION;15
FEBRERO;7/05/2014;124;LUZ;3
MARZO;7/04/2014;124;ADMINISTRACION;15
ABRIL;7/04/2014;124;TRIBUTOS 2014;62
MARZO;7/04/2014;124;LUZ;3
ABRIL;5/05/2014;124;ADMINISTRACION;15
ABRIL;5/05/2014;124;LUZ;3
MAYO;7/06/2014;124;ADMINISTRACION;15
JUNIO;22/06/2014;124;FUMIGACION;7
MAYO;7/06/2014;124;LUZ;4
JUNIO;3/07/2014;124;ADMINISTRACION;15
JUNIO;3/07/2014;124;LUZ;3
AGOSTO;7/08/2014;124;ALQUILER DE ESPACIOS Y ADM. JULIO;62
AGOSTO;11/09/2014;124;ADMINISTRACION;15
SETIEMBRE;13/10/2014;124;ADMINISTRACION;15
OCTUBRE;10/11/2014;124;ADMINISTRACION;15
NOVIEMBRE;15/12/2014;124;ADMINISTRACION;15
DICIEMBRE;31/12/2014;124;FUMIGACION;7
AGOSTO;31/12/2014;124;FUMIGACION;7
ENERO;31/01/2014;125;AGUA;94
ENERO;31/01/2014;125;LUZ;6
FEBRERO;7/03/2014;125;LUZ;2
MARZO;12/04/2014;125;LUZ;3
ABRIL;5/05/2014;125;LUZ;3
JUNIO;22/06/2014;125;FUMIGACION;7
MAYO;7/06/2014;125;LUZ;3
JUNIO;18/07/2014;125;ALQUILER DE ESPACIOS;50
JULIO;18/07/2015;125;A CUENTA ANTERIOR;50
JUNIO;3/07/2014;125;LUZ;3
AGOSTO;5/09/2014;125;ALQUILER DE ESPACIO;90
SETIEMBRE;5/09/2014;125;DEUDA ANTERIOR;50
SETIEMBRE/OCTUBRE;19/12/2014;125;ALQUILER DE ESPACIOS-DEUDA PENDIENTE;230
FEBRERO;7/03/2014;126;LUZ;3.5
MARZO;7/04/2014;126;LUZ;3.5
ABRIL;5/05/2014;126;LUZ;3
JUNIO;22/06/2014;126;FUMIGACION;7
MAYO;7/06/2014;126;LUZ;5
JUNIO;3/07/2014;126;LUZ;4
DICIEMBRE;31/12/2014;126;FUMIGACION;7
FEBRERO;14/03/2014;127;ADMINISTRACION;15
ENERO;7/03/2014;127;ADMINISTRACION;15
FEBRERO;7/03/2014;127;LUZ;6.4
ENERO;7/03/2014;127;LUZ ;7
MARZO;14/04/2014;127;ADMINISTRACION;15
MARZO;7/04/2014;127;LUZ;7
ABRIL;24/05/2014;127;ADMINISTRACION;15
MAYO;2/05/2014;127;TRIBUTOS 2014;62
ABRIL;5/05/2014;127;LUZ;6.5
MAYO;24/06/2014;127;ADMINISTRACION;15
JUNIO;22/06/2014;127;FUMIGACION;7
MAYO;7/06/2014;127;LUZ;8.5
JUNIO;3/07/2014;127;LUZ;9.5
JUNIO;5/09/2014;127;ADMINISTRACION;15
JULIO;5/09/2014;127;ADMINISTRACION;15
NOVIEMBRE;1/12/2014;127;ADMINISTRACION;15
AGOSTO;1/12/2014;127;ADMINISTRACION;15
SETIEMBRE;1/12/2014;127;ADMINISTRACION;15
OCTUBRE;1/12/2014;127;ADMINISTRACION;15
FEBRERO;7/03/2014;128;AGUA;7.5
FEBRERO;7/03/2014;128;LUZ;30.5
MARZO;8/04/2014;128;AGUA;9
MARZO;7/04/2014;128;LUZ;29.5
ABRIL;5/05/2014;128;AGUA;10
ABRIL;5/05/2014;128;LUZ;26
MAYO;7/06/2014;128;AGUA;10
JUNIO;22/06/2014;128;FUMIGACION;7
MAYO;7/06/2014;128;LUZ;23.5
JUNIO;3/07/2014;128;AGUA;10
JUNIO;3/07/2014;128;LUZ;21.5
DICIEMBRE;31/12/2014;128;FUMIGACION;7
FEBRERO;7/03/2014;129;AGUA;8.1
FEBRERO;7/03/2014;129;LUZ;27
MARZO;7/04/2014;129;AGUA;8
MARZO;7/04/2014;129;LUZ;22.5
ABRIL;5/05/2014;129;AGUA;9
ABRIL;5/05/2014;129;LUZ;19
MAYO;7/06/2014;129;AGUA;10
JUNIO;22/06/2014;129;FUMIGACION;7
MAYO;7/06/2014;129;LUZ;19.5
JUNIO;3/07/2014;129;AGUA;8.5
JULIO;25/07/2014;129;A CUENTA ALQUILER;300
JUNIO;3/07/2014;129;LUZ;17.4
AGOSTO;16/08/2014;129;ALQUILER DE ESPACIO;150
SETIEMBRE;2/10/2014;129;ALQUILER DE ESPACIOS;150
OCTUBRE;10/11/2014;129;ALQUILER DE ESPACIOS;150
NOVIEMBRE;8/12/2014;129;ALQUILER DE ESPACIOS;150
ENERO;31/01/2014;131;AGUA;31.9
ENERO;31/01/2014;131;LUZ;24.7
FEBRERO;7/03/2014;132;LUZ;3
MARZO;7/04/2014;132;LUZ;3.5
ABRIL;5/05/2014;132;LUZ;4
JUNIO;22/06/2014;132;FUMIGACION;7
MAYO;7/06/2014;132;LUZ;6
JUNIO;3/07/2014;132;LUZ;4
SETIEMBRE;22/09/2014;132;ALQUILER DE ESPACIOS;130
OCTUBRE;13/11/2014;132;ALQUILER DE ESPACIOS;130
NOVIEMBRE;19/12/2014;132;ALQUILER DE ESPACIOS;130
DICIEMBRE;31/12/2014;132;FUMIGACION;7
FEBRERO;7/03/2014;133;LUZ;85.8
MARZO;7/04/2014;133;LUZ;77
ABRIL;5/05/2014;133;LUZ;81.5
JUNIO;22/06/2014;133;FUMIGACION;7
MAYO;7/06/2014;133;LUZ;41.5
JUNIO;3/07/2014;133;LUZ;23.5
ENERO;6/08/2014;133;LUZ;93
SETIEMBRE;22/09/2014;133;ALQUILER DE ESPACIOS;150
OCTUBRE;2/11/2014;133;ALQUILER DE ESPACIOS;150
NOVIEMBRE;3/12/2014;133;ALQUILER DE ESPACIOS;150
AGOSTO;1/08/2014;134;ADELANTO;200
AGOSTO;11/08/2014;134;RESTO DE MENSUALIDAD AGOSTO;200
AGOSTO;1/08/2014;134;GARANTIA;800
SETIEMBRE;16/09/2014;134;ALQUILER DE ESPACIOS;400
OCTUB/NOVIEM;13/11/2014;134;ALQUILER DE ESPACIOS;600
DICIEMBRE;31/12/2014;134;FUMIGACION;7
ENERO;31/01/2014;135;AGUA;79.6
ENERO;31/01/2014;135;LUZ;11.4
FEBRERO;17/03/2014;135;ADMINISTRACION;15
FEBRERO;6/03/2014;135;AGUA;60
FEBRERO;7/03/2014;135;LUZ;7.8
ABRIL;7/04/2014;135;TRIBUTOS 2014;62
MARZO;7/04/2014;135;AGUA;59
MARZO;7/04/2014;135;LUZ;8
ABRIL;6/05/2014;135;ADMINISTRACION;15
ABRIL;5/05/2014;135;AGUA;62
ABRIL;5/05/2014;135;LUZ;8
MAYO;7/06/2014;135;AGUA;60
JUNIO;22/06/2014;135;FUMIGACION;7
MAYO;7/06/2014;135;LUZ;6
JUNIO;8/07/2014;135;ADMINISTRACION;15
MAYO;8/07/2014;135;ADMINISTRACION;15
JUNIO;3/07/2014;135;AGUA;59
JUNIO;3/07/2014;135;LUZ;6.5
MARZO;6/08/2014;135;ADMINISTRACION;15
AGOSTO;8/09/2014;135;ADMINISTRACION;15
SETIEMBRE;6/10/2014;135;ADMINISTRACION;15
OCTUBRE;7/11/2014;135;ADMINISTRACION;15
NOVIEMBRE;9/12/2014;135;ADMINISTRACION;15
DICIEMBRE;31/12/2014;135;FUMIGACION;7
FEBRERO;7/03/2014;136;LUZ;9
MARZO;8/04/2014;136;AGUA;1105.5
MARZO;3/04/2014;136;ALQUILER DE ESPACIOS;1860
MARZO;7/04/2014;136;LUZ;5.5
ABRIL;5/05/2014;136;AGUA;998
ABRIL;2/05/2014;136;CONCESION;1800
MAYO;7/06/2014;136;AGUA;1001
MAYO;10/06/2014;136;CONCESION;1860
JUNIO;22/06/2014;136;FUMIGACION;7
MAYO;7/06/2014;136;LUZ;8
JUNIO;3/07/2014;136;AGUA;1123
JUNIO;5/07/2014;136;CONCESION;1740
JUNIO;3/07/2014;136;LUZ;6.5
JULIO;1/08/2014;136;CONCESION;1860
ENERO;6/08/2014;136;LUZ;6.5
AGOSTO;6/09/2014;136;CONCESION;1860
SETIEMBRE;3/10/2014;136;CONCESION;1800
OCTUBRE;29/11/2014;136;GUARDIANIA;182
NOVIEMBRE;3/11/2014;136;CONCESIN;1860
DICIEMBRE;11/12/2014;136;CONCESION;1800
ENERO;31/01/2014;157;ADMINISTRACION;15
ENERO;31/01/2014;157;LUZ;1.3
ENERO;31/01/2014;158;LUZ;1.3
ENERO;31/01/2014;159;LUZ;3.3
ENERO;31/01/2014;161;AGUA;11.5
ENERO;31/01/2014;161;LUZ;38.1
ENERO;31/01/2014;162;AGUA;10.5
ENERO;31/01/2014;162;LUZ;30.5
ENERO;31/01/2014;165;LUZ;3.9
ENERO;31/01/2014;168;ADMINISTRACION;15
ENERO;31/01/2014;168;AGUA;68.5
ENERO;31/01/2014;168;LUZ;9.7
